<?xml version="1.0" encoding="UTF-8"?>
<project-private xmlns="http://www.netbeans.org/ns/project-private/1">
    <editor-bookmarks xmlns="http://www.netbeans.org/ns/editor-bookmarks/2" lastBookmarkId="0"/>
    <open-files xmlns="http://www.netbeans.org/ns/projectui-open-files/2">
        <group>
            <file>file:/D:/Kuliah/Materi%20SMT%203/Praktikum%20PBO/Source/PraktikumPBO_3/src/Mobil/Mobil.java</file>
            <file>file:/D:/Kuliah/Materi%20SMT%203/Praktikum%20PBO/Source/PraktikumPBO_3/src/praktikum3/Hewan.java</file>
            <file>file:/D:/Kuliah/Materi%20SMT%203/Praktikum%20PBO/Source/PraktikumPBO_3/src/Mobil/Main.java</file>
            <file>file:/D:/Kuliah/Materi%20SMT%203/Praktikum%20PBO/Source/PraktikumPBO_3/src/praktikum3/Main.java</file>
        </group>
    </open-files>
</project-private>
